{"scene":"game_single","timestamp":"2024-11-29 11:09:18 +0700","player_data":{"x":74.81926596963821,"y":219.08855882736378,"angle":-930.0,"velocity_x":-4.97914687289405e-25,"velocity_y":-1.067781480681044e-24,"heart":null,"shield":null,"score":null}}
