{"scene":"game_multiplayer","timestamp":"2024-12-02 20:46:24 +0700","player_data":{"x":326.49816891372615,"y":289.36610382510247,"angle":-165.0,"velocity_x":-1.8039732669809725e-22,"velocity_y":5.911978500805929e-24,"heart":10,"shield":9,"score":0},"player2_data":{"x":242.2589506110859,"y":100.92754485009993,"angle":157.5,"velocity_x":-4.582546505309464e-25,"velocity_y":-9.230674401501225e-12,"heart":10,"shield":10,"score":1}}
